Site code,Analyte,Date,mg/day
1335,compund x,28/11/1991,0.25306877
1335,compund x,29/11/1991,0.23900784
1335,compund x,30/11/1991,0.197200482
1335,compund x,1/12/1991,0.172876735
1335,compund x,2/12/1991,0.222456914
1335,compund x,3/12/1991,0.190995069
1335,compund x,30/01/1992,0.298375954
1335,compund x,31/01/1992,0.252530551
1335,compund x,1/02/1992,0.255651631
1335,compund x,2/02/1992,0.283735644
1335,compund x,3/02/1992,0.232511464
1335,compund x,4/02/1992,0.212348475
1335,compund x,5/02/1992,0.313533914
1335,compund x,27/03/1992,0.165118948
1335,compund x,28/03/1992,0.160212885
1335,compund x,29/03/1992,0.176877545
1335,compund x,30/03/1992,0.175568072
1335,compund x,31/03/1992,0.186373278
1335,compund x,1/04/1992,0.231783394
1335,compund x,2/04/1992,0.252963204
1335,compund x,28/05/1992,0.286898607
1335,compund x,29/05/1992,0.194357681
1335,compund x,30/05/1992,0.186644684
1335,compund x,31/05/1992,0.191780391
1335,compund x,1/06/1992,0.202027741
1335,compund x,2/06/1992,0.18509298
1335,compund x,3/06/1992,0.263444316
1335,compund x,30/07/1992,0.229256146
1335,compund x,31/07/1992,0.208429287
1335,compund x,1/08/1992,0.370413787
1335,compund x,2/08/1992,0.241183087
1335,compund x,4/08/1992,0.278791465
1335,compund x,5/08/1992,0.286248445
1335,compund x,2/10/1992,0.214692971
1335,compund x,3/10/1992,0.185538624
1335,compund x,4/10/1992,0.172462706
1335,compund x,5/10/1992,0.177046779
1335,compund x,6/10/1992,0.166160082
1335,compund x,7/10/1992,0.211300286
1335,compund x,8/10/1992,0.191210116
1335,compund x,3/12/1992,0.103073169
1335,compund x,4/12/1992,0.082418621
1335,compund x,5/12/1992,0.099318247
1335,compund x,6/12/1992,0.083337916
1335,compund x,7/12/1992,0.082117369
1335,compund x,9/12/1992,0.119412517
1335,compund x,4/02/1993,0.183156693
1335,compund x,5/02/1993,0.170616483
1335,compund x,6/02/1993,0.141407454
1335,compund x,7/02/1993,0.144341081
1335,compund x,8/02/1993,0.147282201
1335,compund x,9/02/1993,0.164928916
1335,compund x,10/02/1993,0.192841897
1335,compund x,10/04/1993,0.177674491
1335,compund x,11/04/1993,0.179860752
1335,compund x,12/04/1993,0.202769047
1335,compund x,13/04/1993,0.207129672
1335,compund x,14/04/1993,0.222128837
1335,compund x,15/04/1993,0.24918299
1335,compund x,16/04/1993,0.217744526
1335,compund x,3/06/1993,0.254091746
1335,compund x,4/06/1993,0.238761047
1335,compund x,5/06/1993,0.218630329
1335,compund x,6/06/1993,0.244102277
1335,compund x,7/06/1993,0.233866173
1335,compund x,8/06/1993,0.251597121
1335,compund x,9/06/1993,0.304477404
1335,compund x,5/08/1993,0.293521184
1335,compund x,6/08/1993,0.265077049
1335,compund x,7/08/1993,0.25044615
1335,compund x,8/08/1993,0.245621853
1335,compund x,9/08/1993,0.241002624
1335,compund x,10/08/1993,0.274773692
1335,compund x,11/08/1993,0.314052458
1335,compund x,30/09/1993,0.309782224
1335,compund x,1/10/1993,0.252961848
1335,compund x,2/10/1993,0.218729067
1335,compund x,3/10/1993,0.230052096
1335,compund x,4/10/1993,0.243028503
1335,compund x,5/10/1993,0.270094502
1335,compund x,6/10/1993,0.326757684
1335,compund x,2/12/1993,0.324394137
1335,compund x,3/12/1993,0.252945302
1335,compund x,4/12/1993,0.378596702
1335,compund x,5/12/1993,0.689029572
1335,compund x,6/12/1993,0.289080345
1335,compund x,7/12/1993,0.291544098
1335,compund x,8/12/1993,0.365456686
1335,compund x,3/02/1994,0.387630463
1335,compund x,4/02/1994,0.325995577
1335,compund x,5/02/1994,0.345109372
1335,compund x,6/02/1994,0.297719905
1335,compund x,7/02/1994,0.298119033
1335,compund x,8/02/1994,0.309526209
1335,compund x,9/02/1994,0.358354508
1335,compund x,31/03/1994,0.278318672
1335,compund x,1/04/1994,0.595996619
1335,compund x,2/04/1994,0.339717038
1335,compund x,3/04/1994,0.300853799
1335,compund x,4/04/1994,0.251899028
1335,compund x,5/04/1994,0.255210312
1335,compund x,6/04/1994,0.275940329
1335,compund x,2/06/1994,0.402704981
1335,compund x,3/06/1994,0.280768665
1335,compund x,4/06/1994,0.275009031
1335,compund x,5/06/1994,0.285456843
1335,compund x,6/06/1994,0.319367397
1335,compund x,7/06/1994,0.311660098
1335,compund x,8/06/1994,0.397727778
1335,compund x,2/08/1994,0.269809653
1335,compund x,3/08/1994,0.22380723
1335,compund x,4/08/1994,0.427963011
1335,compund x,5/08/1994,0.22501848
1335,compund x,6/08/1994,0.23383314
1335,compund x,7/08/1994,0.243654831
1335,compund x,8/08/1994,0.256480306
1335,compund x,3/10/1994,0.311140766
1335,compund x,4/10/1994,0.294477457
1335,compund x,6/10/1994,0.324060092
1335,compund x,7/10/1994,0.288934437
1335,compund x,8/10/1994,0.349431975
1335,compund x,2/12/1994,0.294040405
1335,compund x,3/12/1994,0.25714385
1335,compund x,4/12/1994,0.253418097
1335,compund x,5/12/1994,0.258043086
1335,compund x,6/12/1994,0.267187718
1335,compund x,7/12/1994,0.271791523
1335,compund x,8/12/1994,0.272533659
1335,compund x,2/02/1995,0.372648878
1335,compund x,3/02/1995,0.338813786
1335,compund x,4/02/1995,0.295870573
1335,compund x,5/02/1995,0.312068774
1335,compund x,6/02/1995,0.352324563
1335,compund x,7/02/1995,0.344300295
1335,compund x,8/02/1995,0.397652995
1335,compund x,13/04/1995,0.338618079
1335,compund x,14/04/1995,0.353760115
1335,compund x,15/04/1995,0.337181367
1335,compund x,16/04/1995,0.322978266
1335,compund x,17/04/1995,0.327556284
1335,compund x,18/04/1995,0.342787265
1335,compund x,19/04/1995,0.373616157
1335,compund x,31/05/1995,0.364261867
1335,compund x,1/06/1995,0.337818798
1335,compund x,2/06/1995,0.402308807
1335,compund x,3/06/1995,0.544655806
1335,compund x,4/06/1995,0.341074935
1335,compund x,5/06/1995,0.351766141
1335,compund x,6/06/1995,0.821952586
1335,compund x,3/08/1995,0.440013683
1335,compund x,4/08/1995,0.516125216
1335,compund x,5/08/1995,0.385868058
1335,compund x,6/08/1995,0.447283343
1335,compund x,7/08/1995,0.42664524
1335,compund x,8/08/1995,0.450070596
1335,compund x,9/08/1995,0.460854132
1335,compund x,12/10/1995,0.331455081
1335,compund x,13/10/1995,0.3680028
1335,compund x,14/10/1995,0.376912301
1335,compund x,15/10/1995,0.360243955
1335,compund x,16/10/1995,0.379023556
1335,compund x,17/10/1995,0.393172797
1335,compund x,18/10/1995,0.395661644
1335,compund x,30/11/1995,0.399907879
1335,compund x,1/12/1995,0.402401696
1335,compund x,2/12/1995,0.464937475
1335,compund x,3/12/1995,0.396374195
1335,compund x,4/12/1995,0.55931137
1335,compund x,5/12/1995,0.497868394
1335,compund x,6/12/1995,0.558275504
1335,compund x,1/02/1996,0.259346423
1335,compund x,2/02/1996,0.324221067
1335,compund x,3/02/1996,0.360357213
1335,compund x,4/02/1996,0.344489105
1335,compund x,5/02/1996,0.329913182
1335,compund x,6/02/1996,0.348395578
1335,compund x,7/02/1996,0.373819792
1335,compund x,3/04/1996,0.320839591
1335,compund x,4/04/1996,0.411383892
1335,compund x,5/04/1996,0.387996704
1335,compund x,6/04/1996,0.367391128
1335,compund x,7/04/1996,0.383134037
1335,compund x,8/04/1996,0.383436192
1335,compund x,9/04/1996,0.422727343
1335,compund x,6/06/1996,0.299014725
1335,compund x,7/06/1996,0.407023644
1335,compund x,8/06/1996,0.380980537
1335,compund x,9/06/1996,0.39403385
1335,compund x,10/06/1996,0.410177888
1335,compund x,11/06/1996,0.406655682
1335,compund x,12/06/1996,0.402048536
1335,compund x,1/08/1996,0.512978971
1335,compund x,2/08/1996,0.382454938
1335,compund x,3/08/1996,0.442137485
1335,compund x,4/08/1996,0.434508678
1335,compund x,5/08/1996,0.466423906
1335,compund x,6/08/1996,0.439821046
1335,compund x,7/08/1996,0.583764314
1335,compund x,9/10/1996,0.623674106
1335,compund x,10/10/1996,0.625142494
1335,compund x,11/10/1996,0.572415874
1335,compund x,12/10/1996,0.965234716
1335,compund x,13/10/1996,0.606748045
1335,compund x,14/10/1996,0.597991438
1335,compund x,15/10/1996,0.59083575
1335,compund x,27/11/1996,0.79307427
1335,compund x,28/11/1996,0.662991003
1335,compund x,29/11/1996,0.743303773
1335,compund x,30/11/1996,0.5940101
1335,compund x,1/12/1996,0.59876499
1335,compund x,2/12/1996,0.633161819
1335,compund x,3/12/1996,0.63471223
1335,compund x,5/02/1997,0.506592426
1335,compund x,6/02/1997,0.649156231
1335,compund x,7/02/1997,0.489664966
1335,compund x,8/02/1997,0.533724757
1335,compund x,9/02/1997,0.518653631
1335,compund x,10/02/1997,0.628718468
1335,compund x,11/02/1997,0.675253124
1335,compund x,2/04/1997,0.409860005
1335,compund x,3/04/1997,0.39220643
1335,compund x,4/04/1997,0.394262815
1335,compund x,5/04/1997,0.397014315
1335,compund x,6/04/1997,0.388935319
1335,compund x,7/04/1997,0.386132238
1335,compund x,8/04/1997,0.482316937
1335,compund x,4/06/1997,0.454090344
1335,compund x,5/06/1997,0.363721293
1335,compund x,6/06/1997,0.365968474
1335,compund x,7/06/1997,0.400139775
1335,compund x,8/06/1997,0.436587137
1335,compund x,9/06/1997,0.422715115
1335,compund x,10/06/1997,0.440454397
1335,compund x,2/08/1997,0.465048112
1335,compund x,3/08/1997,0.521037291
1335,compund x,4/08/1997,0.520416799
1335,compund x,5/08/1997,0.562390215
1335,compund x,6/08/1997,0.57548816
1335,compund x,7/08/1997,0.469295905
1335,compund x,8/08/1997,0.446735186
1335,compund x,4/10/1997,0.927375926
1335,compund x,5/10/1997,0.804736035
1335,compund x,6/10/1997,0.514360162
1335,compund x,7/10/1997,0.470430219
1335,compund x,8/10/1997,0.49801428
1335,compund x,9/10/1997,0.529234856
1335,compund x,10/10/1997,0.520324817
1335,compund x,29/11/1997,0.603376439
1335,compund x,30/11/1997,0.729750966
1335,compund x,1/12/1997,0.811936113
1335,compund x,2/12/1997,0.727129438
1335,compund x,3/12/1997,0.723803396
1335,compund x,4/12/1997,0.433784342
1335,compund x,5/12/1997,0.668462432
1335,compund x,7/02/1998,0.82248037
1335,compund x,8/02/1998,0.774693726
1335,compund x,9/02/1998,0.896351356
1335,compund x,10/02/1998,0.875164787
1335,compund x,11/02/1998,0.909735723
1335,compund x,12/02/1998,0.838154144
1335,compund x,13/02/1998,0.807341147
1335,compund x,4/04/1998,0.224131039
1335,compund x,5/04/1998,0.263367511
1335,compund x,6/04/1998,0.274573672
1335,compund x,7/04/1998,0.263177441
1335,compund x,8/04/1998,0.288506459
1335,compund x,9/04/1998,0.266211438
1335,compund x,10/04/1998,0.248202512
1335,compund x,30/05/1998,0.254601709
1335,compund x,31/05/1998,0.241642303
1335,compund x,1/06/1998,0.248504607
1335,compund x,2/06/1998,0.255000849
1335,compund x,3/06/1998,0.262418708
1335,compund x,4/06/1998,0.254697213
1335,compund x,5/06/1998,0.240417533
1335,compund x,10/08/1998,0.344450416
1335,compund x,11/08/1998,0.317495918
1335,compund x,12/08/1998,0.316177815
1335,compund x,13/08/1998,0.334108836
1335,compund x,14/08/1998,0.331245808
1335,compund x,15/08/1998,0.314234941
1335,compund x,16/08/1998,0.311750711
1335,compund x,28/11/1998,0.379940562
1335,compund x,29/11/1998,0.35727966
1335,compund x,30/11/1998,0.483109523
1335,compund x,1/12/1998,0.476754794
1335,compund x,2/12/1998,0.474098345
1335,compund x,3/12/1998,0.455069434
1335,compund x,4/12/1998,0.578833023
1335,compund x,30/01/1999,0.328773949
1335,compund x,31/01/1999,0.353716807
1335,compund x,1/02/1999,0.366347023
1335,compund x,2/02/1999,0.397432207
1335,compund x,3/02/1999,0.384183077
1335,compund x,4/02/1999,0.339872102
1335,compund x,5/02/1999,0.329400496
1335,compund x,3/04/1999,0.301881642
1335,compund x,4/04/1999,0.325378474
1335,compund x,5/04/1999,0.367206494
1335,compund x,6/04/1999,0.333755302
1335,compund x,7/04/1999,0.332074616
1335,compund x,8/04/1999,0.290346577
1335,compund x,9/04/1999,0.294421185
1335,compund x,30/05/1999,0.285002231
1335,compund x,31/05/1999,0.295060634
1335,compund x,1/06/1999,0.269830641
1335,compund x,2/06/1999,0.263202024
1335,compund x,3/06/1999,0.257299678
1335,compund x,4/06/1999,0.267148209
1335,compund x,5/06/1999,0.278677787
1335,compund x,5/08/1999,0.356119919
1335,compund x,6/08/1999,0.31517528
1335,compund x,7/08/1999,0.354648517
1335,compund x,8/08/1999,0.36556861
1335,compund x,9/08/1999,0.383702494
1335,compund x,10/08/1999,0.382649949
1335,compund x,11/08/1999,0.35078118
1335,compund x,29/01/2000,0.387473097
1335,compund x,30/01/2000,0.447897224
1335,compund x,31/01/2000,0.432401543
1335,compund x,1/02/2000,0.500367174
1335,compund x,2/02/2000,0.490451681
1335,compund x,3/02/2000,0.514249956
1335,compund x,4/02/2000,0.492007735
1335,compund x,1/04/2000,0.351813318
1335,compund x,2/04/2000,0.822797869
1335,compund x,3/04/2000,0.460537112
1335,compund x,4/04/2000,0.448246866
1335,compund x,5/04/2000,0.419262335
1335,compund x,6/04/2000,0.444445417
1335,compund x,7/04/2000,0.427438593
1335,compund x,27/05/2000,0.251632681
1335,compund x,28/05/2000,0.25155728
1335,compund x,29/05/2000,0.271787059
1335,compund x,30/05/2000,0.263303676
1335,compund x,31/05/2000,0.288634663
1335,compund x,1/06/2000,0.235483861
1335,compund x,2/06/2000,0.258275996
1335,compund x,9/08/2000,0.209624168
1335,compund x,10/08/2000,0.235537248
1335,compund x,11/08/2000,0.269500882
1335,compund x,12/08/2000,0.253417584
1335,compund x,13/08/2000,0.258171302
1335,compund x,14/08/2000,0.236938504
1335,compund x,15/08/2000,0.250321394
1335,compund x,23/09/2000,0.178606993
1335,compund x,24/09/2000,0.152927609
1335,compund x,25/09/2000,0.204891703
1335,compund x,26/09/2000,0.18823386
1335,compund x,27/09/2000,0.204585301
1335,compund x,28/09/2000,0.188889068
1335,compund x,29/09/2000,0.207512744
759,Compound x,29/11/1991,0.333574045
759,Compound x,30/11/1991,0.230999533
759,Compound x,1/12/1991,0.215952259
759,Compound x,2/12/1991,0.218902327
759,Compound x,3/12/1991,0.203444441
759,Compound x,4/12/1991,0.205964517
759,Compound x,5/12/1991,0.275665519
759,Compound x,31/01/1992,0.192701975
759,Compound x,1/02/1992,0.245854243
759,Compound x,2/02/1992,0.264981707
759,Compound x,3/02/1992,0.206456258
759,Compound x,4/02/1992,0.220867559
759,Compound x,5/02/1992,0.277391212
759,Compound x,6/02/1992,0.270813001
759,Compound x,26/03/1992,0.236871681
759,Compound x,27/03/1992,0.248661435
759,Compound x,28/03/1992,0.211855201
759,Compound x,29/03/1992,0.184927349
759,Compound x,30/03/1992,0.18700809
759,Compound x,31/03/1992,0.209470486
759,Compound x,1/04/1992,0.198929542
759,Compound x,28/05/1992,0.279940959
759,Compound x,29/05/1992,0.242650181
759,Compound x,30/05/1992,0.21739387
759,Compound x,31/05/1992,0.248666789
759,Compound x,1/06/1992,0.213770825
759,Compound x,2/06/1992,0.328988617
759,Compound x,3/06/1992,0.289725237
759,Compound x,30/07/1992,0.369652705
759,Compound x,31/07/1992,0.26697128
759,Compound x,1/08/1992,0.314157226
759,Compound x,2/08/1992,0.258424522
759,Compound x,3/08/1992,0.289345313
759,Compound x,4/08/1992,0.310815064
759,Compound x,5/08/1992,0.320707622
759,Compound x,3/10/1992,0.262968141
759,Compound x,4/10/1992,0.267757397
759,Compound x,5/10/1992,0.209034041
759,Compound x,6/10/1992,0.276463055
759,Compound x,7/10/1992,0.254567398
759,Compound x,8/10/1992,0.302092212
759,Compound x,9/10/1992,0.311953209
759,Compound x,3/12/1992,0.203015062
759,Compound x,4/12/1992,0.162324669
759,Compound x,5/12/1992,0.132918385
759,Compound x,6/12/1992,0.157811727
759,Compound x,7/12/1992,0.1240551
759,Compound x,8/12/1992,0.146202816
759,Compound x,9/12/1992,0.185641332
759,Compound x,4/02/1993,0.137206385
759,Compound x,5/02/1993,0.191224273
759,Compound x,6/02/1993,0.190776208
759,Compound x,7/02/1993,0.204228377
759,Compound x,8/02/1993,0.173149693
759,Compound x,9/02/1993,0.206234291
759,Compound x,10/02/1993,0.261243009
759,Compound x,8/04/1993,0.284967645
759,Compound x,9/04/1993,0.22715809
759,Compound x,10/04/1993,0.241271888
759,Compound x,11/04/1993,0.207852471
759,Compound x,12/04/1993,0.21585283
759,Compound x,13/04/1993,0.220673278
759,Compound x,14/04/1993,0.26073014
759,Compound x,3/06/1993,0.320163264
759,Compound x,4/06/1993,0.24330808
759,Compound x,5/06/1993,0.206189651
759,Compound x,6/06/1993,0.235940643
759,Compound x,7/06/1993,0.270452745
759,Compound x,8/06/1993,0.295780365
759,Compound x,9/06/1993,0.378489452
759,Compound x,5/08/1993,0.398768815
759,Compound x,6/08/1993,0.287100421
759,Compound x,7/08/1993,0.304628582
759,Compound x,8/08/1993,0.276191528
759,Compound x,9/08/1993,0.348786586
759,Compound x,10/08/1993,0.392624523
759,Compound x,11/08/1993,0.40449785
759,Compound x,30/09/1993,0.366538421
759,Compound x,1/10/1993,0.3193044
759,Compound x,2/10/1993,0.262483427
759,Compound x,3/10/1993,0.302747875
759,Compound x,4/10/1993,0.340619792
759,Compound x,5/10/1993,0.364673577
759,Compound x,6/10/1993,0.414278982
759,Compound x,2/12/1993,0.385109058
759,Compound x,3/12/1993,0.30529371
759,Compound x,6/12/1993,0.294651663
759,Compound x,7/12/1993,0.199918787
759,Compound x,8/12/1993,0.53077207
759,Compound x,3/02/1994,0.498845931
759,Compound x,4/02/1994,0.352517791
759,Compound x,5/02/1994,0.347196768
759,Compound x,6/02/1994,0.363824965
759,Compound x,7/02/1994,0.331233698
759,Compound x,8/02/1994,0.47689671
759,Compound x,9/02/1994,0.442975186
759,Compound x,31/03/1994,0.490864396
759,Compound x,1/04/1994,0.361164454
759,Compound x,2/04/1994,0.335889593
759,Compound x,3/04/1994,0.367150605
759,Compound x,6/04/1994,0.337219849
759,Compound x,2/06/1994,0.835922354
759,Compound x,3/06/1994,0.485171509
759,Compound x,4/06/1994,0.338574988
759,Compound x,5/06/1994,0.269984715
759,Compound x,6/06/1994,0.347718767
759,Compound x,7/06/1994,0.41812857
759,Compound x,8/06/1994,0.640129812
759,Compound x,2/08/1994,0.458137895
759,Compound x,3/08/1994,0.336538822
759,Compound x,4/08/1994,0.310817347
759,Compound x,5/08/1994,0.280742339
759,Compound x,6/08/1994,0.3444028
759,Compound x,7/08/1994,0.439235411
759,Compound x,8/08/1994,0.466400667
759,Compound x,3/10/1994,0.398345835
759,Compound x,5/10/1994,0.322081995
759,Compound x,8/10/1994,0.458398963
759,Compound x,2/12/1994,0.370571263
759,Compound x,3/12/1994,0.311659934
759,Compound x,4/12/1994,0.282007913
759,Compound x,5/12/1994,0.343045912
759,Compound x,6/12/1994,0.370212703
759,Compound x,7/12/1994,0.342520958
759,Compound x,8/12/1994,0.427871916
759,Compound x,2/02/1995,0.369649514
759,Compound x,3/02/1995,0.537937736
759,Compound x,4/02/1995,0.441355481
759,Compound x,5/02/1995,0.370833171
759,Compound x,6/02/1995,0.387965621
759,Compound x,7/02/1995,0.427023313
759,Compound x,8/02/1995,0.428414692
759,Compound x,14/04/1995,0.5502925
759,Compound x,15/04/1995,0.4375979
759,Compound x,16/04/1995,0.398649009
759,Compound x,17/04/1995,0.451283513
759,Compound x,18/04/1995,0.476776118
759,Compound x,19/04/1995,0.513199346
759,Compound x,1/06/1995,0.405941024
759,Compound x,2/06/1995,0.391569678
759,Compound x,3/06/1995,0.375962648
759,Compound x,4/06/1995,0.416303079
759,Compound x,5/06/1995,0.441481782
759,Compound x,6/06/1995,0.536193807
759,Compound x,3/08/1995,0.470001553
759,Compound x,4/08/1995,0.450792646
759,Compound x,5/08/1995,0.44334111
759,Compound x,6/08/1995,0.480891007
759,Compound x,7/08/1995,0.505906782
759,Compound x,8/08/1995,0.551542259
759,Compound x,9/08/1995,0.590267788
759,Compound x,12/10/1995,0.461872682
759,Compound x,13/10/1995,0.449792562
759,Compound x,14/10/1995,0.437908931
759,Compound x,15/10/1995,0.446171193
759,Compound x,16/10/1995,0.498354735
759,Compound x,17/10/1995,0.446577414
759,Compound x,18/10/1995,0.536912983
759,Compound x,30/11/1995,0.557809492
759,Compound x,1/12/1995,0.582769565
759,Compound x,2/12/1995,0.557354807
759,Compound x,3/12/1995,0.548901883
759,Compound x,4/12/1995,0.583207165
759,Compound x,5/12/1995,0.66535514
759,Compound x,6/12/1995,0.714658688
759,Compound x,1/02/1996,0.52673804
759,Compound x,2/02/1996,0.523632993
759,Compound x,3/02/1996,0.437769769
759,Compound x,4/02/1996,0.461033659
759,Compound x,5/02/1996,0.505115251
759,Compound x,6/02/1996,0.500875358
759,Compound x,7/02/1996,0.486318071
759,Compound x,3/04/1996,0.569377915
759,Compound x,4/04/1996,0.517868556
759,Compound x,5/04/1996,0.561572897
759,Compound x,6/04/1996,0.511684179
759,Compound x,7/04/1996,0.538887764
759,Compound x,8/04/1996,0.515456434
759,Compound x,9/04/1996,0.605142546
759,Compound x,6/06/1996,0.50743262
759,Compound x,7/06/1996,0.464624589
759,Compound x,8/06/1996,0.524394251
759,Compound x,9/06/1996,0.525171888
759,Compound x,10/06/1996,0.507635301
759,Compound x,11/06/1996,0.577987569
759,Compound x,12/06/1996,0.562074424
759,Compound x,7/08/1996,0.491787586
759,Compound x,8/08/1996,0.446225891
759,Compound x,9/08/1996,0.519312868
759,Compound x,10/08/1996,0.564724545
759,Compound x,11/08/1996,0.554759092
759,Compound x,12/08/1996,0.620359477
759,Compound x,13/08/1996,0.830443307
759,Compound x,9/10/1996,0.654602453
759,Compound x,10/10/1996,0.690372854
759,Compound x,11/10/1996,0.702024774
759,Compound x,12/10/1996,0.769318507
759,Compound x,13/10/1996,0.901099292
759,Compound x,14/10/1996,0.807599535
759,Compound x,15/10/1996,0.850360163
759,Compound x,27/11/1996,0.701395692
759,Compound x,28/11/1996,0.564640831
759,Compound x,29/11/1996,0.641423111
759,Compound x,30/11/1996,0.742913997
759,Compound x,1/12/1996,0.698976548
759,Compound x,2/12/1996,0.749257746
759,Compound x,3/12/1996,0.832048998
759,Compound x,5/02/1997,0.45215489
759,Compound x,6/02/1997,0.480108991
759,Compound x,7/02/1997,0.580158631
759,Compound x,8/02/1997,0.553184049
759,Compound x,9/02/1997,0.635537024
759,Compound x,10/02/1997,0.568210518
759,Compound x,11/02/1997,0.769891649
759,Compound x,2/04/1997,0.51151562
759,Compound x,3/04/1997,0.44619734
759,Compound x,4/04/1997,0.436047745
759,Compound x,5/04/1997,0.476212315
759,Compound x,6/04/1997,0.499414058
759,Compound x,7/04/1997,0.609150169
759,Compound x,8/04/1997,0.574769879
759,Compound x,4/06/1997,0.646972996
759,Compound x,5/06/1997,0.502843522
759,Compound x,6/06/1997,0.442089734
759,Compound x,7/06/1997,0.483481113
759,Compound x,8/06/1997,0.456179908
759,Compound x,9/06/1997,0.383451995
759,Compound x,10/06/1997,0.405443683
759,Compound x,1/08/1997,0.739487661
759,Compound x,2/08/1997,0.800104894
759,Compound x,3/08/1997,0.873566208
759,Compound x,4/08/1997,0.822120868
759,Compound x,5/08/1997,0.852213972
759,Compound x,6/08/1997,0.949515271
759,Compound x,7/08/1997,0.843636912
759,Compound x,4/10/1997,0.877659055
759,Compound x,5/10/1997,0.981331156
759,Compound x,6/10/1997,0.987406071
759,Compound x,7/10/1997,1.558778429
759,Compound x,8/10/1997,1.510797571
759,Compound x,9/10/1997,1.18283855
759,Compound x,10/10/1997,0.943460825
759,Compound x,29/11/1997,0.731946902
759,Compound x,30/11/1997,1.181937634
759,Compound x,1/12/1997,1.208949855
759,Compound x,2/12/1997,0.876934808
759,Compound x,3/12/1997,0.806564166
759,Compound x,4/12/1997,0.929341364
759,Compound x,5/12/1997,0.917648516
759,Compound x,7/02/1998,0.935171073
759,Compound x,8/02/1998,0.955604079
759,Compound x,9/02/1998,0.963924403
759,Compound x,10/02/1998,1.070432582
759,Compound x,11/02/1998,0.929283367
759,Compound x,12/02/1998,1.016150969
759,Compound x,13/02/1998,0.93701494
759,Compound x,4/04/1998,0.387686021
759,Compound x,5/04/1998,0.411299935
759,Compound x,6/04/1998,0.460601356
759,Compound x,7/04/1998,0.571212503
759,Compound x,8/04/1998,0.608024981
759,Compound x,9/04/1998,0.481746716
759,Compound x,10/04/1998,0.405491148
759,Compound x,30/05/1998,0.43358439
759,Compound x,31/05/1998,0.46722668
759,Compound x,1/06/1998,0.504648506
759,Compound x,2/06/1998,0.542966845
759,Compound x,3/06/1998,0.408679068
759,Compound x,4/06/1998,0.4324964
759,Compound x,5/06/1998,0.452894238
759,Compound x,13/08/1998,0.516440999
759,Compound x,14/08/1998,0.504077632
759,Compound x,15/08/1998,0.631362002
759,Compound x,16/08/1998,0.663585867
759,Compound x,17/08/1998,0.672110649
759,Compound x,18/08/1998,0.577053034
759,Compound x,19/08/1998,0.575246641
759,Compound x,3/10/1998,0.59875781
759,Compound x,4/10/1998,0.6873353
759,Compound x,5/10/1998,0.790013587
759,Compound x,6/10/1998,0.668000591
759,Compound x,7/10/1998,0.594654068
759,Compound x,8/10/1998,0.629824122
759,Compound x,9/10/1998,0.574280174
759,Compound x,28/11/1998,0.646000643
759,Compound x,29/11/1998,0.64517617
759,Compound x,30/11/1998,0.803029672
759,Compound x,1/12/1998,0.706447225
759,Compound x,2/12/1998,0.597985194
759,Compound x,3/12/1998,0.784563695
759,Compound x,4/12/1998,0.91746939
759,Compound x,30/01/1999,0.600832359
759,Compound x,31/01/1999,0.652715919
759,Compound x,1/02/1999,0.62570566
759,Compound x,2/02/1999,0.654090362
759,Compound x,3/02/1999,0.625875517
759,Compound x,4/02/1999,0.578353965
759,Compound x,5/02/1999,0.551372766
759,Compound x,3/04/1999,0.597822567
759,Compound x,4/04/1999,0.49710118
759,Compound x,5/04/1999,0.447140944
759,Compound x,6/04/1999,0.548636633
759,Compound x,7/04/1999,0.586425321
759,Compound x,8/04/1999,0.525541176
759,Compound x,9/04/1999,0.472535648
759,Compound x,30/05/1999,0.308571146
759,Compound x,31/05/1999,0.385916766
759,Compound x,1/06/1999,0.380860304
759,Compound x,2/06/1999,0.447575639
759,Compound x,3/06/1999,0.571094233
759,Compound x,4/06/1999,0.403725057
759,Compound x,5/06/1999,0.35676637
759,Compound x,4/08/1999,0.515181006
759,Compound x,5/08/1999,0.460027953
759,Compound x,6/08/1999,0.488520011
759,Compound x,7/08/1999,0.511080027
759,Compound x,8/08/1999,0.525843759
759,Compound x,9/08/1999,0.434565646
759,Compound x,10/08/1999,0.449890253
759,Compound x,25/09/1999,0.614639
759,Compound x,26/09/1999,0.490178712
759,Compound x,27/09/1999,0.596676888
759,Compound x,28/09/1999,0.584049844
759,Compound x,29/09/1999,0.48898861
759,Compound x,30/09/1999,0.472586045
759,Compound x,1/10/1999,0.533920954
759,Compound x,27/11/1999,0.587312849
759,Compound x,28/11/1999,0.648126956
759,Compound x,29/11/1999,0.640538459
759,Compound x,30/11/1999,0.64008667
759,Compound x,1/12/1999,0.592106308
759,Compound x,2/12/1999,0.553876009
759,Compound x,3/12/1999,0.58179623
759,Compound x,29/01/2000,0.634039749
759,Compound x,30/01/2000,0.633393928
759,Compound x,31/01/2000,0.60049949
759,Compound x,1/02/2000,0.686456955
759,Compound x,2/02/2000,0.604722788
759,Compound x,3/02/2000,0.581200705
759,Compound x,4/02/2000,0.562362268
759,Compound x,1/04/2000,0.605352678
759,Compound x,2/04/2000,0.503615162
759,Compound x,3/04/2000,0.67024173
759,Compound x,4/04/2000,0.677128926
759,Compound x,5/04/2000,0.642320387
759,Compound x,6/04/2000,0.572214012
759,Compound x,7/04/2000,0.551465914
759,Compound x,27/05/2000,0.570329389
759,Compound x,28/05/2000,0.63422273
759,Compound x,29/05/2000,0.60083796
759,Compound x,30/05/2000,0.601904011
759,Compound x,31/05/2000,0.547115537
759,Compound x,1/06/2000,0.505654853
759,Compound x,2/06/2000,0.447262861
759,Compound x,30/07/2000,0.27100016
759,Compound x,31/07/2000,0.321207895
759,Compound x,1/08/2000,0.301501409
759,Compound x,2/08/2000,0.439916943
759,Compound x,3/08/2000,0.418994484
759,Compound x,4/08/2000,0.285355873
759,Compound x,5/08/2000,0.286362066
759,Compound x,23/09/2000,0.221338781
759,Compound x,24/09/2000,0.259760128
759,Compound x,25/09/2000,0.257903897
759,Compound x,26/09/2000,0.287436424
759,Compound x,27/09/2000,0.290253079
759,Compound x,28/09/2000,0.239637501
759,Compound x,29/09/2000,0.26025312
